id,first_name,last_name,email,gender,ip_address
1,Lauri,Yuryshev,lyuryshev0@exblog.jp,Female,229.145.75.130
2,Rosabella,Bridgland,rbridgland1@wikispaces.com,Female,137.169.169.116
3,Ilene,Schultz,ischultz2@symantec.com,Female,238.167.42.32
4,Claudetta,Angric,cangric3@rakuten.co.jp,Female,204.64.127.86
5,Cassandry,Bleesing,cbleesing4@altervista.org,Female,237.208.226.246
6,Alane,Fatharly,afatharly5@dropbox.com,Female,78.175.220.121
7,Steffen,Heers,sheers6@kickstarter.com,Male,21.87.214.18
8,Augustina,Valerius,avalerius7@1688.com,Female,166.105.117.205
9,Etta,Burnup,eburnup8@cmu.edu,Agender,194.231.251.71
10,Nedi,Banat,nbanat9@myspace.com,Female,245.36.56.170
11,Randolph,Wrightham,rwrighthama@ebay.com,Male,19.233.89.109
12,Hebert,Chataignier,hchataignierb@msn.com,Male,45.189.246.8
13,Gan,Betteriss,gbetterissc@mail.ru,Male,190.238.10.8
14,Willow,Caudray,wcaudrayd@rambler.ru,Female,110.135.54.229
15,Fraser,Dowda,fdowdae@is.gd,Male,142.63.67.181
16,Celinka,Milligan,cmilliganf@patch.com,Female,80.207.132.11
17,Staford,Knapp,sknappg@shinystat.com,Male,77.126.124.252
18,Cristionna,Dearden,cdeardenh@ifeng.com,Female,169.117.167.198
19,Bree,McNaughton,bmcnaughtoni@php.net,Female,22.12.250.100
20,Teri,Salt,tsaltj@com.com,Female,235.219.156.99
21,Georgianne,Gobel,ggobelk@barnesandnoble.com,Female,236.27.225.145
22,Shamus,Ubach,subachl@theguardian.com,Male,55.162.240.157
23,Lennard,Lawtie,llawtiem@slate.com,Male,52.51.255.17
24,Adam,Kermeen,akermeenn@elpais.com,Male,86.185.94.35
25,Calla,Busson,cbussono@cnn.com,Female,222.135.38.143
26,Lev,Scedall,lscedallp@gizmodo.com,Male,12.11.151.0
27,Maurise,Khoter,mkhoterq@technorati.com,Male,222.189.151.38
28,Nessie,Bloore,nbloorer@pinterest.com,Female,34.137.148.131
29,Alejandro,Brough,abroughs@yahoo.co.jp,Male,29.225.28.199
30,Vincenty,Ivermee,vivermeet@nationalgeographic.com,Genderqueer,212.131.39.193
31,Aile,Eborall,aeborallu@fema.gov,Female,67.49.59.161
32,Evania,Cowans,ecowansv@unicef.org,Female,70.123.18.197
33,Jamie,Matkin,jmatkinw@infoseek.co.jp,Female,244.190.154.67
34,Arielle,Wadeson,awadesonx@e-recht24.de,Female,33.116.25.146
35,Lorain,Ellison,lellisony@baidu.com,Polygender,59.167.147.103
36,Alane,McAlester,amcalesterz@stumbleupon.com,Female,56.118.53.57
37,Mitchael,Sarch,msarch10@altervista.org,Male,105.81.175.255
38,Jordan,De Mattei,jdemattei11@constantcontact.com,Male,133.202.64.102
39,Debbie,Buckthorpe,dbuckthorpe12@ibm.com,Female,242.67.81.220
40,Violetta,Bruins,vbruins13@opensource.org,Female,105.198.147.20
41,Esme,Sibthorp,esibthorp14@51.la,Female,99.23.66.71
42,Bibby,Jeffry,bjeffry15@constantcontact.com,Genderqueer,76.178.99.96
43,Mead,Liggett,mliggett16@qq.com,Female,132.48.251.144
44,Emmy,Gosswell,egosswell17@ovh.net,Female,66.144.225.56
45,Erik,Rollings,erollings18@themeforest.net,Male,151.54.237.199
46,Suzann,Belasco,sbelasco19@comcast.net,Female,15.219.222.143
47,Wyndham,Sarson,wsarson1a@quantcast.com,Male,217.87.29.11
48,Maren,Greening,mgreening1b@howstuffworks.com,Female,64.50.162.58
49,Eward,Brennans,ebrennans1c@sun.com,Male,232.134.247.218
50,Frazer,Edge,fedge1d@wordpress.org,Male,192.12.238.240
51,Zsazsa,Cancellieri,zcancellieri1e@vinaora.com,Female,114.88.69.174
52,Flo,Roakes,froakes1f@jalbum.net,Female,168.18.151.63
53,Wolf,Haslewood,whaslewood1g@quantcast.com,Male,251.164.115.108
54,Haskell,Hawkey,hhawkey1h@moonfruit.com,Male,181.69.78.132
55,Byram,Ledson,bledson1i@mail.ru,Male,163.23.193.244
56,Miltie,Rainger,mrainger1j@vkontakte.ru,Male,104.117.73.252
57,Ferrell,Gregr,fgregr1k@tripod.com,Male,213.169.140.117
58,Desmund,Trevna,dtrevna1l@eventbrite.com,Male,91.235.238.178
59,Allan,Sprigging,asprigging1m@usgs.gov,Male,200.148.161.95
60,Giraldo,Yakuntzov,gyakuntzov1n@pen.io,Male,23.207.213.243
61,Brett,Ponde,bponde1o@ft.com,Male,99.20.221.163
62,Broddie,Muris,bmuris1p@taobao.com,Bigender,206.11.188.108
63,Lee,Slaughter,lslaughter1q@nationalgeographic.com,Male,183.200.31.239
64,Evangeline,Keirl,ekeirl1r@list-manage.com,Genderfluid,15.214.244.82
65,Cassandry,Fronzek,cfronzek1s@1und1.de,Female,13.107.216.121
66,Odelinda,Greim,ogreim1t@craigslist.org,Female,69.100.129.182
67,Mozelle,Hessenthaler,mhessenthaler1u@google.com.au,Female,80.136.75.97
68,Udale,Abrahamsohn,uabrahamsohn1v@is.gd,Male,109.49.248.251
69,Joella,Purkis,jpurkis1w@sourceforge.net,Female,115.82.125.69
70,Shanta,Klass,sklass1x@github.io,Female,255.100.4.95
71,Doll,Prinne,dprinne1y@furl.net,Female,25.22.226.224
72,Berk,McGinnis,bmcginnis1z@phoca.cz,Male,84.152.104.116
73,Delbert,Heed,dheed20@princeton.edu,Male,141.78.146.251
74,Kerrie,Farlambe,kfarlambe21@nsw.gov.au,Female,251.204.10.178
75,Erminia,Duffree,eduffree22@foxnews.com,Female,30.138.11.185
76,Sherill,Silcock,ssilcock23@goo.gl,Female,240.68.1.4
77,Philip,Pavlenko,ppavlenko24@ox.ac.uk,Male,184.13.130.242
78,Parrnell,Beautyman,pbeautyman25@abc.net.au,Male,133.45.218.255
79,Lindsy,Dwyer,ldwyer26@wix.com,Female,173.253.192.209
80,Konstance,Petris,kpetris27@mail.ru,Female,44.17.124.50
81,Chen,Parfitt,cparfitt28@barnesandnoble.com,Genderfluid,113.34.135.167
82,Wileen,Fossord,wfossord29@bing.com,Agender,54.222.53.59
83,Pattie,Cottee,pcottee2a@vinaora.com,Male,177.253.194.41
84,Stacee,Dockray,sdockray2b@devhub.com,Female,10.132.105.61
85,Price,Noquet,pnoquet2c@phpbb.com,Non-binary,200.108.236.137
86,Tanny,Yetton,tyetton2d@ebay.com,Male,185.13.134.148
87,Jacki,Wiggans,jwiggans2e@disqus.com,Female,90.237.30.229
88,Lawrence,Barrable,lbarrable2f@comsenz.com,Male,186.207.127.23
89,Lavinia,Cordero,lcordero2g@yellowpages.com,Female,8.181.153.6
90,Jillana,Spollen,jspollen2h@blogtalkradio.com,Female,250.179.43.139
91,Ninon,Fitkin,nfitkin2i@indiegogo.com,Female,185.214.29.38
92,Jayme,Pattington,jpattington2j@soundcloud.com,Male,110.137.109.212
93,Sonya,Mighele,smighele2k@bigcartel.com,Female,20.173.114.253
94,Pace,Callander,pcallander2l@disqus.com,Male,178.121.164.21
95,Natalina,Sayes,nsayes2m@desdev.cn,Female,220.172.184.26
96,Alic,Achurch,aachurch2n@fda.gov,Male,166.222.113.215
97,Sela,Ellsom,sellsom2o@simplemachines.org,Non-binary,212.98.203.168
98,Kasey,Iskowicz,kiskowicz2p@imgur.com,Female,138.153.33.223
99,Clementine,Whiteoak,cwhiteoak2q@ucla.edu,Polygender,101.94.81.22
100,Carleen,Mowat,cmowat2r@tumblr.com,Female,224.200.202.230
